Text,QUALITY,PERFOMANCE,CUSTOMER#SERVICE,COST,RECOMMENDATIONS
ржЖржорж┐ ржжрж╛рж░рж╛ржЬ ржерзЗржХрзЗ ржПржЗ ржкржгрзНржп ржХрж┐ржирзЗ рж╕ржирзНрждрзБрж╖рзНржЯ,2,2,1,2,2
ржХрж░рзНржоржХрзНрж╖ржорждрж╛ ржнрж╛рж▓ ржирж╛,2,3,2,2,2
ржЖржорж┐ ржжрж╛рж░рж╛ржЬ ржПрж░ ржХрж╛ржЫрзЗ ржХрзГрждржЬрзНржЮред,2,2,1,2,2
ржПржЯрж╛ ржЕржмрж╢рзНржпржЗ ржЦрзБржм ржнрж╛рж▓ ржкржгрзНржп,1,1,2,2,2
рж╕ржорзНржкрзВрж░рзНржг рж╕ржирзНрждрзБрж╖рзНржЯ .... рж╕рждрзНржпрж┐ржЗ ржЪрж┐рждрзНрждрж╛ржХрж░рзНрж╖ржХ,1,1,1,2,2
рззрзжрзж% ржЬрзЗржирзБржЗржи ржкрж╛ржУржпрж╝рж╛рж░ ржмрзНржпрж╛ржВржХ,1,1,2,2,2
ржПржХржжржо рж╣рж┐ржЯ & ржлрж┐ржЯ,2,1,2,2,2
"ржЦрзБржм рж╕рзБржирзНржжрж░ рж╣рзЯрзЗржЫрзЗ ржорзЛржмрж╛ржЗрж▓рзЗрж░ рж╕рж╛ржерзЗ,",1,2,2,2,2
ржЕрж╕рж╛ржзрж╛рж░ржг ржПржХржЯрж┐ ржХржнрж╛рж░,1,2,2,2,2
ржХрж┐рж╕рзЗрж░ ржЯрзЗржорзНржкрж╛рж░ рж╕ржм ржнрзБрзЯрж╛,3,3,2,2,2
ржнрзЗрж░рж┐ ржЧрзБржб ржкрзНрж░ржбрж╛ржХрзНржЯ ржПржирзНржб рж╕рж╛рж░рзНржнрж┐рж╕рж┐ржВ,1,2,1,2,2
ржЧрзБржгржорж╛ржи ржЦрзБржм ржЦрж╛рж░рж╛ржк,3,2,2,2,2
ржЬрж╛рж▓ ржкржгрзНржпред,3,2,2,2,2
"ржкрзНрж░рждрзНржпрж╛рж╢рж┐ржд ржЫрж┐рж▓,",2,2,2,2,2
рждржмрзЗ ржЕржнрж╛рж░ржЕрж▓ ржХрзЗрж╕рж┐ржВ ржкржЫржирзНржж рж╣рзЯрзЗржЫрзЗред,1,1,2,2,2
ржЖржкржирж╛ржХрзЗ ржЕрж╕ржВржЦрзНржп ржзржирзНржпржмрж╛ржжред,2,2,1,2,2
ржЖржкржирж╛рж░ ржЯрж╛ржХрж╛ ржирж╖рзНржЯ ржХрж░ржмрзЗржи ржирж╛!,2,2,2,2,3
ржлрзНрж░рзЗрж╢ ржЫрж┐рж▓рзЛ ржжрзЗржЦрж╛рж░ ржмрж┐рж╖рзЯ ржлрзЛржирзЗ рж▓рж╛ржЧрж╛рж▓рзЗ ржХрзЗржоржи рж╣рзЯ,1,2,2,2,2
рж╕ржмржЪрзЗржпрж╝рзЗ ржЦрж╛рж░рж╛ржк ржорж╛ржирзЗрж░ред,3,2,2,2,2
ржЕрж╕ржирзНрждрзЛрж╖ржЬржиржХред,3,3,3,2,2
ржнрж╛рж▓ ржорж╛ржирзЗрж░.,1,2,2,2,2
ржкржирзНржпржЯрж┐ ржЕрж░рж┐ржЬрж┐ржирж╛рж▓ред,1,2,2,2,2
ржПржЯрж╛ ржЦрзБржм ржЖрж░рж╛ржоржжрж╛ржпрж╝ржХред,1,1,2,2,2
ржлрзНржпрж╛ржмрзНрж░рж┐ржХ ржнрж╛рж▓ ржирж╛ред,3,2,2,2,2
ржХржо ржжрж╛ржорзЗ ржЕрж╕рзНржерж┐рж░ ржлрзЛржиред,2,1,2,1,2
ржЕрж░ржЬрж┐ржирж╛рж▓ ржлрзЛржиред,1,1,2,2,2
ржнрж╛рж▓ рж╕рж╛рж░рзНржнрж┐рж╕ ржкрж╛ржЪрзНржЫрж┐ред,2,2,1,2,2
ржЖржорж┐ ржПржЗ ржкржгрзНржпрзЗрж░ рж╕рж╛ржерзЗ ржЦрзБрж╢рж┐,2,2,1,2,2
рждрзБрж▓ржирж╛ржорзВрж▓ржХ ржХржо ржжрж╛ржорзЗ рж╕рзЗрж░рж╛ ржкрзНрж░рзЛржбрж╛ржХрзНржЯ,2,1,2,1,2
"ржЯрж╛ржХрж╛ ржЕржкржЪржпрж╝, ржкрзБрж░рзЛржкрзБрж░рж┐!",2,2,2,3,2
ржорж╛ржи ржнржпрж╝рж╛ржиржХ ржЫрж┐рж▓!,1,2,2,2,2
ржЖржкржирж╛ржжрзЗрж░ ржПрж╕ржм ржкрзНржпрж╛ржЪрж╛ржирзЛ рж╕рж┐рж╕рзНржЯрзЗржо ржмрж╛ржж ржжрж┐ржиред,2,2,3,2,2
рж╕рзБржирзНржжрж░ ржЪрзЗрж╣рж╛рж░рж╛ ржПржмржВ ржЖржХрж░рзНрж╖ржгрзАржпрж╝ред,1,1,2,2,2
ржЖржорж┐ ржПржЗ ржЯрж┐-рж╢рж╛рж░рзНржЯ ржкрж░рждрзЗ ржнрж╛рж▓рзЛржмрж╛рж╕рж┐ред,1,2,2,2,2
ржорж╛ржи рж╕ржорзНржкрж░рзНржХрзЗ ржЦрзБржм рж╕ржирзНржжрзЗрж╣ ржирзЗржЗ ржХрзЛржи рж╕ржирзНржжрзЗрж╣ ржирзЗржЗ ...,1,2,2,2,2
"рж╕рждрзНржпрж┐ржЗ ржЦрзБржм рж╕рж╕рзНрждрж╛,",2,2,2,1,2
ржПржЗ ржжрж╛ржорзЗ ржЦрзБржм ржЗ ржнрж╛рж▓ ржлрзЛржи,2,1,2,1,2
рж╕рж╛ржЙржирзНржб ржнрж╛рж▓рзЛред ржзржирзНржпржмрж╛ржж,2,1,2,2,2
ржПржЯрж╛рж░ ржЙржкрж░ ржерзЗржХрзЗ рж╕рзНржЯрж┐ржХрж╛рж░ рж╕рж░рзЗ ржЧрзЗрж▓ ржХрзЗржи..?,2,2,3,2,2
ржжрзБржЗ ржирж╛ржорзНржмрж╛рж░ ржкржгрзНржпред,3,2,3,2,2
ржкрзНрж░рж╛ржЗржЬ ржирж╛ ржХржорзЗ ржмрзЗрзЬрзЗ ржЧрзЗрж▓.,2,2,3,3,2
ржЕржмрж╢рзЗрж╖рзЗ рж╣рзБрзЯрж╛ржУрзЯрзЗ ржУрзЯрж╛ржЗ рзп ржХрж┐ржирзЗ рж╕ржирзНрждрзБрж╖рзНржЯред,2,2,1,2,2
ржПржЦржи ржкрж░рзНржпржирзНржд ржЖржкржирж╛рж░ рж╕рзЗржмрж╛ ржнрж╛рж▓ред,2,2,1,2,2
ржкржгрзНржп ржарж┐ржХ ржоржирзЗ рж╣ржЪрзНржЫрзЗред,1,2,2,2,2
рж╕рзЗрж░рж╛ ржкрж╛ржУржпрж╝рж╛рж░ ржмрзНржпрж╛ржВржХ,1,1,2,2,2
ржкржгрзНржпржЯрж┐рждрзЗ ржЖржкрж╛рждржд ржХрзЛржи ржбрж┐рж╕рзНржХрж╛ржЙржирзНржЯ ржЕржлрж╛рж░ ржирзЗржЗ,2,2,2,2,2
ржЖржорж╛рж░ ржЬрзАржмржирзЗ ржжрзЗржЦрж╛ рж╕ржмржЪрж╛ржЗрждрзЗ ржЦрж╛рж░рж╛ржк ржкржгрзНржпред,3,2,3,2,2
рж╕ржорзНржкрзВрж░рзНржгрж░рзВржкрзЗ ржПржХржЯрж┐ ржЬрж╛рж▓ ржкржгрзНржп ЁЯдоЁЯШТЁЯШЮЁЯШС,3,2,3,2,2
ржкрзНрж░ржбрж╛ржХрзНржЯржЯрж┐ ржЕрж░рзНржбрж╛рж░ ржЕржирзБржпрж╛рзЯрзА ржкрзЗрзЯрзЗржЫрж┐ред,2,2,1,2,2
ржХрж┐ржирждрзЗ ржкрж╛рж░рзЗржи ржХрзЛржи рж╕ржирзНржжрзЗрж╣ ржЫрж╛рзЬрж╛ ред,2,2,2,2,1
ржнрж╛рж▓ ржоржирзЗ рж╣рзЯрзЗржЫрзЗ ржПржЦржи ржкрж░рзНржпржирзНрждред,1,1,2,2,1
ржХржо ржЯрж╛ржХрж╛рзЯ ржнрж╛рж▓ ржлрзЛржи ред,1,1,2,1,2
ржмрж╛ржЬрзЗ ржлрзЛржи,3,3,2,2,2
ржнрж╛ржЗ ржорзЛржмрж╛ржЗрж▓ржЯрж╛ рж╣рж╛рждрзЗ ржирзЗрзЯрж╛рж░ рззржШржгрзНржарж╛ ржкрж░ ржбрж┐рж╕ржкрзНрж▓рзЗ ржирж╖рзНржЯ рж╣рзЯрзЗржЧрзЗржЫрзЗред,2,3,2,2,2
ржнрж╛ржЗрзЯрж╛ ржирзЗржЯ ржкрзНрж░рж╛ржЗржЬрзЗрж░ ржЪрзЗрзЯрзЗ ржмрзЗрж╢рж┐ ржзрж░рж╛ рж╣рзЯрзЗржЫрзЗ,2,2,3,3,2
рж╕рзНржмрж▓рзНржк ржорзВрж▓рзНржпрзЗ ржПржд ржнрж╛рж▓ ржЖрж╢рж╛ ржХрж░рж┐ ржирж╛ржЗред,2,2,1,1,2
ржнрж╛рж▓рзЛ ржорзЛржмрж╛ржЗрж▓ред,1,2,2,2,2
ржбрж┐рж╕ржкрзНрж▓рзЗ ржЦрзБржм ржЦрж╛рж░рж╛ржк|,2,3,2,2,2
ржкрж░рж┐рж╖рзНржХрж╛рж░ рж▓рж╛ржЧржмрзЗ ржирж╛ ржЭрж┐рж░ржЭрж┐рж░ рж▓рж╛ржЧржмрзЗ,2,3,2,2,2
Video ржжрзЗржЦрзЗ ржнрж╛рж▓рзЛ рж▓рж╛ржЧржмрзЗ ржирж╛ |,2,3,2,2,2
ржнрж╛рж▓рзЛ рж▓рж╛ржЧрж▓рзЛ ржЖржирзНрждрж░рзНржЬрж╛рждрж┐ржХ ржмрзНрж░рзНржпрж╛ржирзНржб ржЧрзБрж▓рзЛ ржПржЦржи ржмрж╛ржВрж▓рж╛ржжрзЗрж╢рзЗржЗ ржкрж╛ржУржпрж╝рж╛ ржпрж╛ржЪрзНржЫрзЗ,2,2,1,2,2
ржЖрж╕рж▓ ржкрзНрж░ржбрж╛ржХрзНржЯ. ржбрзЗрж▓рж┐ржнрж╛рж░рж┐ ржкрзНржпрж╛ржХрзЗржЬрж┐ржВ ржЦрзБржмржЗ ржнрж╛рж▓рзЛ ржЫрж┐рж▓ред,2,2,1,2,2
"ржлрзЛржиржЯрж╛ ржжрзЗржЦрждрзЗ ржЕржирзЗржХ рж╕рзНржЯрж╛ржЗрж▓рж┐, рж╕рзЗржХрзЗржирзНржбрж╛рж░рж┐ ржлрзЛржи рж╣рж┐рж╕рзЗржмрзЗ ржЕржирзЗржХ ржнрж╛рж▓ рж╣ржмрзЗред",2,1,2,2,2
рж╕ржм ржХрж┐ржЫрзБ ржарж┐ржХ ржарж╛ржХ ржЫрж┐рж▓,2,2,1,2,2
", ржлрзЛржи ржЖрж╕рж▓рзЗржЗ рж╕рзБржирзНржжрж░, рж╕рзБржирзНржжрж░ рж▓рзБржХ",1,1,2,2,2
ржЖржорж┐ рж╕ржирзНрждрзБрж╖рзНржЯ.....ржзржирзНржпржмрж╛ржж DARAZ......,2,2,1,2,2
ржврж╛ржХрж╛рж░ ржмрж╛рж╣рж┐рж░рзЗ рж╕рзЗржмрж╛ржЯрж┐ ржмржирзНржз ржЖржЫрзЗред,2,2,2,2,2
ржПржЯрж╛рж░ ржХрзЛрзЯрж╛рж▓рж┐ржЯрж┐ ржнрж╛рж▓ ржирж╛,3,2,2,2,2
ржПржЗрж░ржХржо ржлрж╛ржЗржЬрж▓рж╛ржорж┐ ржХрж░рж╛рж░ ржорж╛ржирзЗ ржХрж┐?,2,2,3,2,2
ржЗ-ржХрзЛрж░рж┐рзЯрж╛рж░ рж╕рж╛рж░рзНржнрж┐рж╕ ржЕрж╕ржорзНржнржм ржнрж╛рж▓рзЛред,2,2,1,2,2
"ржУрзЯрж╛ржУ, ржЕрж░ржЬрж┐ржирж╛рж▓ ржкрзНрж░рзЛржбрж╛ржХрзНржЯред",2,2,1,2,2
"ржзрзБрж░рзБ, ржЕржорж╛ржХрзЗ рж╣рзЯрж░рж╛ржирж┐ ржХрж░рж▓рзЗржи",2,2,3,2,2
рж╢рж╛ржУржорж┐ржУ ржПржЦржи ржЦрж╛рж░рж╛ржк ржЬрж┐ржирж┐рж╕ ржжрж┐ржЪрзНржЫрзЗ,2,2,3,2,2
ржорж╛ржирзБрж╖ржХрзЗ ржирж╛ ржаржХрж┐рзЯрзЗ ржнрж╛рж▓ ржкрзНрж░рзЛржбрж╛ржХрзНржЯ ржжрзЗржУрзЯрж╛рж░ ржмрзНржпржмрж╕рзНржерж╛ ржХрж░рзЗржиред,2,2,3,2,2
ржПрждрзЛ ржмрж╛ржЬрзЗ ржХржорзЗржирзНржЯрж╕ ржжрзЗржЦрзЗ ржХрзЗржирж╛рж░ рж╕рж╛рж╣рж╕ рж╣рж╛рж░рж┐рзЯрзЗ ржлрзЗрж▓рзЗржЫрж┐,2,2,3,2,3
ржПржЗрж╕ржм ржмрж╛ржЬрзЗ ржХржорзЗржирзНржЯ ржЖрж░ рж░рж┐ржнрж┐ржЙ .,2,2,3,2,2
"ржлрж╛рж╕рзНржЯ ржЪрж╛рж░рзНржЬ рж╣рзЯржирж╛,",2,3,2,2,2
"ржПржЦржиржУ ржХрзЛржи рж╕ржорж╕рзНржпрж╛ рж╣рзЯржирж┐, ржнрж╛рж▓ржЗ ржЪрж▓ржЫрзЗ ред",2,1,2,2,2
ржЖржорж╛ржХрзЗ ржирж╖рзНржЯ ржПржХржЯрж╛ ржкрж╛ржУрзЯрж╛рж░ ржмрзНржпрж╛ржВржХ ржжрж┐рж╕рзЗ,3,2,3,2,2
", ржЖржЧрзЗ ржЦрзБржм ржнрж╛рж▓ ржЫрж┐рж▓,",3,3,2,2,2
ржЦрзБржмржЗ ржнрж╛рж▓рзЛ ржорж╛ржирзЗрж░ ржкрзНрж░рзЛржбрж╛ржХрзНржЯ......,1,2,2,2,2
ржЖржкржирж╛ржжрзЗрж░ ржЬрж┐ржирж┐рж╖ ржлрж╛рж▓рждрзБ ржХрзЗржирзЛ?,3,3,3,2,2
ржжрж╛рж░рж╛ржЬ ржПржЦржи ржЪрж┐ржЯрж┐ржВ рж╢рзБрж░рзБ ржХрж░ржЫрзЗ,2,2,3,2,2
"ржорж╛ржи ржЕржирзБржпрж╛рзЯрзА ржЕржирзЗржХ ржнрж╛рж▓,",1,2,2,2,2
рззрзжрзж% ржЬрзЗржирзБржЗржиредред,1,2,2,2,2
ржЖржорж┐ ржПржЯрж╛рж░ ржЪрж░ржо ржнрж╛ржмрзЗ ржнрзБржХрзНрждржнрзЛржЧрзА,2,2,3,2,2
ржЖржорж╛ржХрзЗ ржирж╖рзНржЯ Power Bank ржжрзЗржУрзЯрж╛ рж╣рзЯрзЗржЫрзЗ,3,2,3,2,2
ржПржЯрж╛ ржмрзНржпржмрж╣рж╛рж░ ржХрж░рзЗ ржЖржорж┐ ржкрзБрж░рзЛржкрзБрж░рж┐ рж╕ржирзНрждрж╖рзНржЯред,1,1,1,2,2
ржпрж╛ржЗ рж╣рзЛржХ ржкрзНрж░рзЛржбрж╛ржХрзНржЯ ржнрж╛рж▓рзЛржЗред,1,2,2,2,2
ржкрзНрж░рзЛржбрж╛ржХрзНржЯ ржЯрж╛ ржЕржирзЗржХ ржнрж╛рж▓рзЛред,1,2,2,2,2
ржкрзНрж░рзЛржбрж╛ржХрзНржЯ ржЕрж░рж┐ржЬрж┐ржирж╛рж▓ ред,1,2,2,2,2
ржбрзЗрж▓рж┐ржнрж╛рж░рзА ржирж┐рзЯрзЗ ржЖржорж┐ рж╕ржирзНрждрзБрж╖рзНржЯред,2,2,1,2,2
ржПржЯрж╛ ржПржХрзЗржмрж╛рж░рзЗржЗ ржХрж╛ржорзНржп ржирж╛ ред,2,2,3,2,2
ржЕрж╕рж╛ржзрж╛рж░ржг ржПржХржЯрж┐ ржкрж╛ржУрзЯрж╛рж░ ржмрзНржпрж╛ржЩрзНржХред,1,1,2,2,2
ржкрзНржпрж╛ржХрзЗржЬрж┐ржВржЯрж╛ ржЕржирзЗржХ ржнрж╛рж▓рзЛ ржЫрж┐рж▓ред,2,2,1,2,2
ржХрж┐ржирзНрждрзБ DARAZ ржПрж░ рж╕рж╛рж░рзНржнрж┐рж╕ ржорзЛржЯрзЗржУ ржнрж╛рж▓рзЛ ржирж╛ред,2,2,3,2,2
ржЬрж┐ржирж┐рж╢ ржЖрж╕рж▓ред рж╕рзБржкрж╛рж░ ржлрж╛рж╕рзНржЯ ржбрзЗрж▓рж┐ржнрж╛рж░рж┐ред,1,2,3,2,2
"ржПржХ ржХржерж╛рзЯ, ржХржо ржжрж╛ржорзЗ ржнрж╛рж▓рзЛ ржЬрж┐ржирж┐рж╕",1,2,2,1,2
ржкрзНрж░рзЛржбрж╛ржХрзНржЯ ржЕрж░ржЬрж┐ржирж╛рж▓,1,1,2,2,2
ржпрзЗржЯрж╛ ржжрж╛рж░рж╛ржЬ ржерзЗржХрзЗ ржЖрж╢рж╛ ржХрж░рж┐ ржирж╛ржЗ :(,2,2,3,2,2
ржЖржорж╛рж░ ржХрж╛ржЫрзЗ ржкрзНрж░ржЪрзБрж░ ржкрж░рж┐ржорж╛ржгрзЗ рж░рж╛ржЧ ржЙржарзЗ,2,2,2,2,2
ржорзЛржЯрж╛ржорзБржЯрж┐ ржнрж╛рж▓ржЗ ржмрзНржпрж╛ржХржЖржк ржкрж╛ржЪрзНржЫрж┐,2,1,2,2,2
ржПржЯрж╛ ржмрзЗрж╕рзНржЯред,1,1,2,2,2
ржЦрзБржм ржнрж╛рж▓ ржкрзНрж░рзЛржбрж╛ржХрзНржЯ,1,2,2,2,2
"ржЕржирзЗржХ ржнрж╛рж▓ power bank,",1,1,2,2,2
"ржХрзНржпрж╛рж╢ ржмрзНржпрж╛ржХ ржжрзЗрзЯржирж┐, ржмрж╛ржЬрзЗ ржмрзНржпрж╛ржкрж╛рж░ред",2,2,3,2,2
ржЕржирзЗржХ рж╕рзБржирзНржжрж░ ржкрзНрж░рзЛржбрж╛ржХрзНржЯред Like it,1,2,1,2,2
ржПржЗ ржкрзНрж░рзЛржбрж╛ржХрзНржЯ ржПрж░ ржХрзЛрзЯрж╛рж▓рж┐ржЯрж┐ ржнрж╛рж▓,1,2,2,2,2
ржкрзНрж░рждрж╛рж░ржгрж╛ ржХрж░рзЗ ржЖрж░ ржХржпрж╝ржжрж┐ржи ржЪрж▓ржмрзЗржи?,2,2,3,2,2
ржкрзНрж░ржержорзЗ ржпрзЗржЯрж╛ ржкрж╛ржарж┐рзЯрзЗржЫрзЗ рж╕рзЗржЯрж╛рж░ ржлрзНрж▓рзНржпрж╛рж╕ рж▓рж╛ржЗржЯ ржирж╖рзНржЯ ржЫрж┐рж▓ред,3,3,2,2,2
рж╕ржм ржорж┐рж▓рж┐рзЯрзЗ ржпржерзЗрж╕рзНржЯ ржнрж╛рж▓рзЛ рж╕рж╛рж░рзНржнрж┐рж╕ ржжрж┐ржЪрзНржЫрзЗред,2,2,1,2,2
ржХрзЛрзЯрж╛рж▓рж┐ржЯрж┐ ржЖржорж╛рж░ ржоржи ржоржд рж╣рзЯрзЗржЫрзЗред ржзржирзНржпржмрж╛ржж,1,2,1,2,2
ржЖржорж┐ ржпрзЗржоржи ржЖрж╢рж╛ ржХрж░рзЗржЫрж┐рж▓рж╛ржо рждрзЗржоржиржЗ ржкрзЗрзЯрзЗржЫрж┐ред,2,2,1,2,2
ржорзЛржмрж╛ржЗрж▓рзЗрж░ ржХрзЛржи рж╕ржорж╕рзНржпрж╛ рж╣рзЯ ржирж╛ржЗ ржЪрж╛рж░рзНржЬ ржжрзЗрзЯрж╛рж░ ржкрж░ред,2,1,2,2,2
"рззржо ржжрзБржЗ ржжрж╛ржЧ рж╕рж╛ржерзЗ рж╕рж╛ржерзЗ ржЪрж╛рж░рзНржЬ ржЙржарзЗ ржпрж╛рзЯ, рж╣рж╛рзЯрж░рзЗ!",2,3,2,2,2
ржкрзНрж░рзЛржбрж╛ржХрзНржЯржЯрж╛ ржнрж╛рж▓рзЛ,1,1,2,2,2
ржЦрж╛рж░рж╛ржк ржХрзЛрзЯрж╛рж▓рж┐ржЯрж┐рж░ ржкрзНрж░рзЛржбрж╛ржХрзНржЯ ржкрзЗрзЯрзЗржЫрж┐ред,3,2,2,2,2
ржжрзБржГржЦрж┐ржд рж╕рзНржпрж╛рж░ред,2,2,3,2,2
ржорж╛ржиржУ ржнрж╛рж▓рзЛ,1,2,2,2,2
ржмрж╛ржЬрж╛рж░ ржПрж░ ржЪрзЗрзЯрзЗ ржЕржирзЗржХ ржХржорзЗ ржкрж╛ржУрж╛ ржЧрзЗрж▓рзЛ ред,2,2,2,1,2
ржмрж╛ржЯржкрж╛рж░рж┐рж░ ржПржХржЯрж╛ рж╕рзАржорж╛ ржерж╛ржХрж╛ ржЙржЪрж┐рзО,2,2,3,2,2
ржХрзЛржирзЛ рж╕ржорж╕рзНржпрж╛ рж╣рзЯржирж┐ ржмрзНржпржмрж╣рж╛рж░ ржХрж░рждрзЗ,2,2,2,2,1
ржЖржорж╛рж░ ржнрж╛рж▓ рж▓рзЗржЧрзЗржЫрзЗред,2,2,1,2,2
ржаржХрж╛ржирзЛрж░ ржПржХ ржзрж╛ржирзНржжрж╛ржмрж╛ржЬрж┐ ржЖржЗржбрж┐рзЯрж╛ ред,2,2,3,2,2
ржпрждрзНрждрж╕ржм ржаржЧрзЗрж░ ржжрж▓ ред,2,2,3,2,2
"ржЖржорж╛рж░ ржХрж╛ржЫрзЗ ржнрж╛рж▓ рж▓рзЗржЧрзЗржЫрзЗ,",2,2,2,2,1
ржкрзНрж░рзЛржбрж╛ржХрзНржЯ ржПрж░ ржХрзЛржУрзЯрж╛рж▓рж┐ржЯрж┐ ржнрж╛рж▓,1,2,2,2,2
"ржирж╖рзНржЯ ржкрзНрж░ржбрж╛ржХрзНржЯ ржкрж╛рзЯржЫрж┐рж▓рж╛ржо,ржжрж╛ржо ржХржо ржЫрж┐рж▓",3,2,3,1,2
ржнрж╛рж▓рзЛ ржЕржмрж╕рзНржерж╛рзЯ ржкрзЗрзЯрзЗржЫрж┐ред,1,2,2,2,2
ржкрзНрж░рзЛржбрж╛ржХрзНржЯрзЗ ржХрзЛржи рж╕ржорж╕рзНржпрж╛ ржирзЗржЗ,1,2,2,2,2
"ржЦрзБржмржЗ рж╕рзБржирзНржжрж░ рж╕рж╛рж░рзНржнрж┐рж╕ ржкрж╛ржЪрзНржЫрж┐,",2,2,1,2,2
ржУржнрж╛рж░ржЕрж▓ рж╕ржмржХрж┐ржЫрзБржЗ ржнрж╛рж▓тАМред,1,2,2,2,2
ржмрзЗрж╢ ржнрж╛рж▓рзЛред,1,2,1,2,2
ржЦрзБржмржЗ рж╕ржирзНрждрзБрж╖рзНржЯ ржкрзНрж░рзЛржбрж╛ржХрзНржЯ ржЯрж┐ ржкрзЗрзЯрзЗ,1,2,1,2,2
ржкрзНрж░ржпрж╝рзЛржЬржирзАрзЯ ржкржирзНржпред,1,2,2,2,2
ржПржЗ ржкрж░рзНржпржирзНржд ржХрзЛржирзЛ рж╕ржорж╕рзНржпрж╛ рж╣рзЯржирж┐ ржмрзНржпржмрж╣рж╛рж░ ржХрж░рждрзЗ ред,1,1,2,2,2
"ржкрзНрж░рзЛржбрж╛ржХрзНржЯ ржПрж░ ржХрзЛржУрзЯрж╛рж▓рж┐ржЯрж┐ ржЦрзБржмржЗ ржнрж╛рж▓,",1,2,2,2,2
ржжрж╛ржо ржЕржирзБржпрж╛рзЯрзА ржкржгрзНржп ржарж┐ржХ ржЗ ржЖржЫрзЗ ред,1,2,2,1,2
ржнрж╛рж▓рзЛ ржорж╛ржирзЗрж░ рждрж╛рж░ ржжрж┐рзЯрзЗржЫрзЗ,1,2,1,2,2
ржирж╖рзНржЯ ржорж╛рж▓ ржкрж╛ржарж╛ржирзЛ рж╣ржпрж╝рзЗржЫрзЗ,3,2,3,2,2
"рж╕ржмржХрж┐ржЫрзБржЗ ржарж┐ржХ ржЖржЫрзЗ ,",2,2,1,2,2
ржПржЯрж╛ рждрж╛ рж╕рж╛ржкрзЛрж░рзНржЯ ржХрж░рзЗ ржирж╛ред,2,3,2,2,2
ржирж╖рзНржЯ рж╣рзЗржбржлрзЛржи ржжрж┐ржЫрзЗ ржжрж╛рж░рж╛ржЬ,3,2,3,2,2
ржкрзБрж░рж╛ржЗ ржлрж╛рж▓рждрзБ,3,2,3,2,2
ржкржгрзНржп рж╣рж╛рждрзЗ ржкрзЗрзЯрзЗ рж╣рждрж╛рж╢ рж╣рзЯрзЗ ржЧрзЗрж▓рж╛ржоред,3,2,3,2,2
ржХрзЛржи ржХрж╛ржЬрзЗрж░ ржирж╛ред,2,3,2,2,2
ржПржХржжржо ржмрж╛ржЬрзЗ ржкрзНрж░рзЛржбрж╛ржХрзНржЯред,3,2,2,2,2
ржоржирзЗ рж╣рзЯ ржирж╖рзНржЯ рж╣рзЯрзЗ ржпрж╛ржмрзЗред,2,3,2,2,2
рж╕рж╛ржЙржирзНржб ржХрзЛрзЯрж╛рж▓рж┐ржЯрж┐ ржнрж╛рж▓ рж╣ржмрзЗ ржирж╛ ржЬрж╛ржирж┐ред,2,3,2,2,2
ржПрж░ ржерзЗржХрзЗ ржлрзБржЯржкрж╛ржерзЗрж░ рж╣рзЗржбржлрзЛржи ржЕржирзЗржХ ржнрж╛рж▓рзЛред,2,3,3,2,3
рззрзжрзж ржЯрж╛ржХрж╛ рж╣рж┐рж╕рзЗржмрзЗ ржнрж╛рж▓ржЗ,1,2,2,1,2
рзз ржиржорзНржмрж░рзЗрж░ ржнрж╛ржУрждрж╛ржмрж╛ржЬрж┐ред,2,2,3,2,2
ржорж╛ржЗржХрзНрж░рзЛржлрзЛржи ржХрж╛ржЬ ржХрж░рзЗ ржирж╛,2,3,2,2,2
ржЪрж╛рж░рзНржЬ рззрзж ржорж┐ржирж┐ржЯрзЗрж░ ржмрзЗрж╢рж┐ ржерж╛ржХрзЗ ржирж╛ред,2,3,2,2,2
ржПржХ ржХрж╛ржирзЗрж░ рж╕рж╛ржЙржирзНржб ржХрзНрж▓рж┐рзЯрж╛рж░ ржирж╛,2,3,2,2,2
ржоржи ржЙржарзЗ ржЧрзЗржЫрзЗ ржкрзБрж░рж╛ржЗ ЁЯШе,2,2,3,2,2
ржжрж╛ржо ржЕржирзБржпрж╛рзЯрзА ржЦрж╛рж░рж╛ржк ржирж╛,1,2,2,1,2
"ржнрж╛рж▓ ржирж╛,",3,3,2,2,2
ржП ржжрзЗржЦрж┐ ржЕржиржЗ рж╣рзЯ ржирж╛ред,2,3,2,2,2
"ржЦрзБржм ржмрж╛ржЬрзЗ ржХрзЛрзЯрж╛рж▓рж┐ржЯрж┐, ржХрж┐ржирзЗ ржаржХрзЗржЫрж┐ред",3,2,3,2,2
рждрж╛ржЗ ржмрж▓рзЗ ржПрждржЯрж╛ ржЦрж╛рж░рж╛ржк рж╣ржмрзЗ ржнрж╛ржмрж┐ржирж┐ред,3,2,3,2,2
ржжрж╛ржо рж╣рж┐рж╕рзЗржмрзЗ ржнрж╛рж▓рзЛржЗ ржЖржЫрзЗ!,2,2,2,1,2
ржЕрждрж┐ ржжрзЗрж░рж┐рждрзЗ ржбрзЗрж▓рж┐ржнрж╛рж░рж┐ред,2,2,3,2,2
ржжрж╛ржо ржЕржирзБржпрж╛рзЯрзА ржарж┐ржХ ржЖржЫрзЗ ред,2,2,2,1,2
рж╕рж╛ржерзЗ ржмрзЗрж╕ ржЯрж╛ржУ ржжрж╛рж░рзБржи..,2,1,2,2,2
рждржмрзЗ ржкрзНрж░рзЛржбрж╛ржХрзНржЯржнрж╛рж▓рж┐ ржЫрж┐рж▓рзЛ,1,2,2,2,2
ржЕржирзНржп рж╢ржкрзЗрж░ рждрзБрж▓ржирж╛рзЯ ржжрж╛ржо ржЕржирзЗржХ ржмрзЗрж╢рзА,2,5,2,3,2
ржлрж╛ржЗржЬрж▓рж╛ржорж┐ ржЕрж░рзНржбрж╛рж░ ржХрж░ржЫрж┐ ржЖржЬ ржЖржЯ ржжрж┐ржи ржПржЦржи ржкрж░рзНржпржирзНржд ржкржирзНржп рж╣рж╛рждрзЗ ржкрж╛ржЗржирж┐ред,2,2,3,2,2
рж╕рж╛ржЙржирзНржб ржУ ржЦрж╛рж░рж╛ржк ржирж╛!,2,1,2,2,2
ржнрж╛ржЗ hadphone рж╕ржм ржерзЗржХрзЗ ржЦрж╛рж░рж╛ржк,2,3,2,2,2
рж╕рж╛ржЙржирзНржб ржХрзЛрзЯрж╛рж▓рж┐ржЯрж┐ ржнрж╛рж▓рзЛ.,1,2,2,2,2
ржХржо ржжрж╛ржорзЗ ржнрж╛рж▓ ржкрзНрж░ржбрж╛ржХрзНржЯред,2,2,2,1,2
ржжрзЯрж╛ ржХрж░рзЗ ржЖржкржирж╛рж░рж╛ ржХрж┐ржирзЗржи ржирж╛,2,2,2,2,1
ржлрж╛рж▓рждрзБ ржХрзЛрзЯрж╛рж▓рж┐ржЯрж┐,3,2,2,2,2
рж╕рж╛ржЙржирзНржб ржХрзЛрзЯрж╛рж▓рж┐ржЯрж┐ ржнрж╛рж▓ред,1,2,2,2,2
ржжрж╛ржо рж╣рж┐рж╕рзЗржмрзЗ рж╕рзЗржЗ ржЬрж┐ржирж┐рж╕,2,2,2,1,2
рж╕рж╛ржЙржирзНржб ржХрзЛрзЯрж╛рж▓рж┐ржЯрж┐ ржПржХржжржоржЗ ржнрж╛рж▓рзЛ ржирж╛,3,2,2,2,2
ржЦрзБржмржЗ ржХржо ржжрж╛ржорзЗ ржорзЛржЯрж╛ржорзБржЯрж┐ ржорж╛ржирзЗрж░ рж╣рзЗржбржлрзЛржиред,1,2,2,1,2
рждрзЗржоржи ржнрж╛рж▓ ржирж╛ред,3,3,2,2,2
ржирж┐ржорзНржи ржорж╛ржирзЗрж░ ржкрзНрж▓рж╛рж╕рзНржЯрж┐ржХ ржжрж┐рзЯрзЗ рждрзИрж░рж┐,3,2,2,2,2
ржПржХржжржо ржмрж╛ржЬрзЗ ржПржХржЯрж╛ рж╣рзЗржбржлрзЛржи.,2,3,2,2,2
"ржЦрзБржм ржмрж╛ржЬрзЗ,",3,3,2,2,2
рж░рж┐ржлрж╛ржирзНржбрзЗрж░ ржорж╛рж░ржкрзНржпрж╛ржЪрзЗ ржлрзЗрж▓рзЗ ржжрж┐рзЯрзЗ ржПржХрж╕рзНржЯрзНрж░рж╛ ржХрж╛ржорж╛ржирзЛрж░ ржзрж╛ржирзНржзрж╛ ржирж╛?,2,2,3,2,2
ржкрзБрж░рж╛ржЗ ржлрж╛рж▓рждрзБред,3,3,2,2,2
ржнржирзНржбрж╛ржорж┐ рждрзЛ ржнрж╛рж▓рзЛржЗ ржХрж░рзЗржиред,2,2,3,2,2
ржЫржмрж┐рждрзЗ ржПржХржЯрж╛ ржЖрж░ ржжрж┐рж╕рзЗ ржЖрж░рзЗржХржЯрж╛,2,2,3,2,2
ржПржЗ рж╢ржк ржерзЗржХрзЗ ржкрзНрж░рзЛржбрж╛ржХрзНржЯ ржирж┐рзЯрзЗржи ржирж╛ред,2,2,2,2,3
ржмрзНржпрж╛ржЯрж╛рж░рж┐ ржмрзНржпрж╛ржХржЖржк ржЖрж░ рж╕рж╛ржЙржирзНржб ржХрзЛрзЯрж╛рж▓рж┐ржЯрж┐ржУ ржнрж╛рж▓рзНрж▓рж╛ржЧржЫрзЗ!,1,1,2,2,2
ржПржЗ ржжрж╛ржорзЗ ржмрзЗрж╕рзНржЯ ржкрзНрж░рзЛржбрж╛ржХрзНржЯ!,1,2,2,1,2
ржнрзБрзЯрж╛ред,3,2,3,2,2
ржХрзЛржи ржХрзНрж░рзЗрждрж╛ ржПржЯрж╛ ржЕрж░рзНржбрж╛рж░ ржХрж░ржмрзЗржи ржирж╛ред,2,2,2,2,3
ржлрж╛ржЬрж▓рж╛ржорж┐ ржХрж░рзЗржи? ржЫржмрж┐рждрзЗ ржПржХржЯрж╛ ржЖрж░ ржжрж┐рж╕рзЗржи ржЖрж░рзЗржХржЯрж╛ред,2,2,3,2,2
ржХрзНрж░рзЯ ржХрж░рж▓рзЗ ржкрзНрж░рждрж╛рж░рж┐ржд рж╣ржмрзЗржиред,2,2,2,2,3
ржПржЗ ржжрзЛржХрж╛ржи ржПрж░ рж╕рж╛ржерзЗ ржбрж┐рж▓ ржирж╛ ржХрж░рж╛ред,2,2,3,2,2
ржорж╛ржирзБрж╖ ржаржХрж╛ржирзЛрж░ ржзрж╛ржирзНржжрж╛ ЁЯШаред,2,2,3,2,2
ржкрзБрж░рж╛ржЗ ржлрж╛рж▓рждрзБ ржПржХржЯрж╛ ржЬрж┐ржирж┐рж╕ ржжрж┐ржЫрзЗржи ржЖржкржирж╛рж░рж╛рз╖,2,2,3,2,2
рж╕рж╛ржЙржирзНржб ржХрзЛрзЯрж╛рж▓рж┐ржЯрж┐ ржЕржирзЗржХ ржЦрж╛рж░рж╛ржк,3,2,2,2,2
ржЖржорж┐ ржЖржкржирж╛ржжрзЗрж░ ржХрж╛ржЫ ржерзЗржХрзЗ ржЦрзБржмржЗ ржнрж╛рж▓ ржкрзНрж░рзЛржбрж╛ржХрзНржЯ ржкрзЗрзЯрзЗржЫрж┐ред,2,2,1,2,2
ржорж╛ржиржЯрж╛ржУ ржЕржирзЗржХ ржнрж╛рж▓ред,1,2,2,2,2
ржмрзНржпрж╛ржЯрж╛рж░рж┐ ржирж╖рзНржЯ,3,2,2,2,2
ржмрж╛ржЬрзЗ ржкрзНрж░ржбрж╛ржХрзНржЯ ржжрж╛рж░рж╛ржЬрзЗрж░ ржЙржЪрж┐рзО ржПржЗ ржжрзЛржХрж╛ржиржХрзЗ ржХрж┐ржХ ржЖржЙржЯ ржХрж░рж╛,3,2,3,2,2
ржЫржмрж┐ ржЖрж░ ржкрзНрж░ржбрж╛ржХрзНржЯ ржЖржХрж╛рж╢ ржкрж╛рждрж╛рж▓ ржкрж╛рж░рзНржержХрзНржпред,2,2,3,2,2
"ржПржЗ ржкрзНрж░рзЛржбрж╛ржХрзНржЯ ржПрж░ ржХрзЛрзЯрж╛рж▓рж┐ржЯрж┐ ржЦрзБржмржЗ ржнрж╛рж▓,",1,2,2,2,2
"ржХрзЗржирж╛рж░ ржЖржЧрзЗ ржнрзЗржмрзЗ ржХрж┐ржиржмрзЗржи,",2,2,2,2,3
ржЖржорж╛рж░ ржжрзЗржЦрж╛ рж╕рзНржкрж┐ржХрж╛рж░рзЗрж░ ржоржзрзНржпрзЗ ржЦрзБржм ржнрж╛рж▓ ржПржХржЯрж╛ рж╕рзНржкрж┐ржХрж╛рж░ред,1,1,2,2,2
ржЖржорж┐ рж╕ржорзНржкрзВрж░рзНржгрж░рзБржкрзЗ рж╣рждрж╛рж╢ред,2,2,3,2,2
"рж╕рзЗржжрж┐ржи ржерзЗржХрзЗржЗ, ржЖржкржирж╛рж░рж╛ржУ ржмрзЯржХржЯ ржХрж░рзБржитАж",2,2,2,2,3
ржЖржорж╛рж░ ржХрзЛржи ржзрж░ржгрзЗрж░ ржХржоржкрзНрж▓рзЗржЗржи ржирзЗржЗред,2,2,1,2,2
ржЪрзЛржЦ ржмржирзНржз ржХрж░рзЗ ржХрж┐ржирзЗ ржлрзЗрж▓рждрзЗ ржкрж╛рж░рзЗржи,2,2,2,2,1
ржЦрзБржмржЗ ржлрж╛рж▓рждрзБ ржПржмржВ ржмрж╛ржЬрзЗ ржПржХржЯрж╛ ржУрзЯрзЗржмрж╕рж╛ржЗржЯ..,2,2,3,2,2
ржПржХржЯрж╛ ржирж╖рзНржЯ ржмрзНржпрж╛ржирзНржб ржкрж╛ржарж╛ржирзЛ рж╣рзЯрзЗржЫрзЗ ржЖржорж╛ржХрзЗтАж,3,2,3,2,2
"ржмрж╛ржЗрж░рзЗ ржпрж╛ржм ржмрж▓рж╛ рж╕рждрзНрждрзНржмрзЗржУ рж╕ржорзЯ ржмрж╛рзЬрж╛рзЯржирж┐, рж░рж┐ржЯрж╛рж░рзНржи ржирзЗрзЯржирж┐тАж",2,2,3,2,2
ржЖржорж┐ Daraz.com ржмрзЯржХржЯ ржХрж░рзЗржЫрж┐,2,2,3,2,3
ржнрж╛рж▓рзЛ ржЫрж┐рж▓,1,1,2,2,2
ржжрж╛ржо ржЕржирзБржпрж╛ржпрж╝рзА ржкрзНрж░ржбрж╛ржХрзНржЯрзЗрж░ ржмрзНржпрж╛ржкрж╛рж░рзЗ рж╕ржирзНрждрзБрж╖рзНржЯ,2,2,2,1,2
рждрж╛рж░ ржкрзНрж░рж╛рзЯ рж╕ржмржЯрж╛ржЗ ржнрзВрзЯрж╛ред,3,2,3,2,2
ржЖрж░рзЛ ржЕржирзЗржХ ржнрж╛рж▓ рж▓рж╛ржЧрж▓рзЛ,2,2,1,2,2
ржирж┐ржорзНржоржорж╛ржирзЗрж░ ржкрзНрж▓рж╛рж╕рзНржЯрж┐ржХ ржмрзНржпржмрж╣рж╛рж░ ржХрж░рж╛ рж╣ржпрж╝рзЗржЫрзЗ ред,3,2,2,2,2
VR Box ржЯрж╛ ржпрждржЯрж╛ ржнрж╛рж▓,1,1,2,2,2
ржЬрж┐ржиржЬрж┐рж░рж╛ рждрзЗржУ ржПрж░ ржЪрзЗржпрж╝рзЗ рж╕рзБржирзНржжрж░ ржкрзНрж░рзЛржбрж╛ржХрзНржЯ ржмрж╛ржирж╛ржЗрждрзЗ ржкрж╛рж░рзЗред,2,2,2,2,2
ржжрж╛ржо рж╣рж┐рж╕рж╛ржмрзЗ ржЬрж┐ржирж┐ржЯрж╛ ржарж┐ржХржЗ ржЖржЫрзЗред ЁЯСНЁЯСНЁЯСН,2,2,2,1,2
ржЦрж╛ржБржЯрж┐ ржжрзБржЗ ржирж╛ржорзНржмрж╛рж░ ржмрж╕рзНрждрзБред,3,2,3,2,2
ржЯрж╛ржХрж╛ ржирж╖рзНржЯред,2,2,2,3,2
ржПржЗрж░ржХржо ржиржХрж▓ ржлрж╛рж▓рждрзБ ржкрзНрж░ржбрж╛ржХрзНржЯ ржЖржорж┐ ржХрж▓рзНржкржирж╛ржУ ржХрж░рж┐ржирж┐ред,3,2,2,2,2
ржЬржШржирзНржп ржкрзНрж░ржбрж╛ржХрзНржЯ,3,2,2,2,2
ржлрж╛рж▓рждрзБ рж╢рзБржзрзБ ржХрзЗржирж╛ржЗ ржЫрж┐рж▓рзЛ ржЖрж░ ржХрж┐ржЫрзБржЗ рж╣рзЯ ржирж┐,2,2,2,2,2
ржлрж╛рж▓рждрзБ ржПржХржЯрж╛ ржЬрж┐ржирж┐рж╕ ржжрж┐рзЯрзЗржЫрзЗред,3,2,3,2,2
ржжрж╛ржо ржПрж░ ржЪрж╛ржЗрждрзЗржУ ржЬрж┐ржирж┐рж╕ржЯрж╛ рж╕рждрзНржпрж┐ржЗ ржЦрзБржмржЗ ржнрж╛рж▓рзЛ ржЫрж┐рж▓рзЛред,2,2,2,1,2
ржЬрж┐ржирж┐рж╕ ржХрзЗржирж╛рзЯ ржжрж╛рж░рж╛ржЬ ржПрж░ рж░рзЗржУржкржирзНрж╕ржУ ржЦрзБржмржЗ ржнрж╛рж▓рзЛред,2,2,1,2,2
рж░рзЗржЬрзБрж▓рзЗрж╢ржи ржнрж╛рж▓рзЛ ржУ рж╕рзНржкрж┐ржХрж╛рж░ рж░рзЯрзЗржЫрзЗред,1,1,2,2,2
ржжрж╛ржо ржЕржирзБржпрж╛рзЯрзА ржПржЗ ржкржгрзНржп ржкрж╛ржУрзЯрж╛ ржнрж╛ржЧрзНржпрзЗрж░ ржмрзНржпрж╛ржкрж╛рж░ред,2,2,2,1,2
ржкрзНрж░рж╛ржержорж┐ржХ ржнрж┐ржЖрж░ ржПржХрзНрж╕ржкрзЗрж░рж┐ржпрж╝рзЗржирзНрж╕ ржирж┐рждрзЗ ржЪрж╛ржЗрж▓рзЗ ржнрж╛рж▓ржЗ ржмрж▓рж╛ ржЪрж▓рзЗред,2,1,2,2,2
ржжрж╛ржо ржЕржирзБржпрж╛ржпрж╝рзА ржнрж╛рж▓ржЗред,2,2,2,1,2
ржЦрзБржм ржнрж╛рж▓ ржкрзНрж░рзЛржбрж╛ржХрзНржЯред,1,1,2,2,2
ржжрзЗржЦрзЗ ржнрж╛рж▓ржЗ ржоржирзЗ рж╣ржЪрзНржЫрзЗред,1,2,2,2,2
ржЯрзЛржЯрж╛рж▓ ржмрж╛ржЯржкрж╛рж░рж┐ред,2,2,3,2,2
ржорзЛржмрж╛ржЗрж▓рзЗрж░ рж╕рзНржЯрзЛрж░рзЗржЬ рж╣рж┐рж╕рзЗржмрзЗ ржнрж╛рж▓ ржХрж╛ржЬ ржХрж░рзЗред,2,1,2,2,2
ржЧрзБржб ржкрзНрж░рзЛржбрж╛ржХрзНржЯ!,1,2,2,2,2
ржорж╛ржЙрж╕ ржмрзНржпржмрж╣рж╛рж░ ржХрж░рзЗ рждрзЗржоржи ржЦрж╛рж░рж╛ржк ржоржирзЗ рж╣рзЯржирж┐,2,1,2,2,2
ржнрж╛ржмржЫрж┐ рж░рж┐ржЯрж╛рж░рзНржи ржирж╛ ржжрж┐рзЯрзЗ ржнрзЛржХрзНрждрж╛ ржЕржзрж┐ржХрж╛рж░ ржЖржЗржирзЗ ржорж╛ржорж▓рж╛ ржХрж░ржмрзЛтАж,2,2,3,2,2
"рж░рж╛ржЗрж╕ ржЕржирзБржпрж╛рзЯрзА ржмрзЗрж╖рзНржЯ ржкрзНрж░рзЛржбрж╛ржХрзНржЯ, thx",2,2,2,1,2
ржЖрж╕рж▓ ржнрзЗржмрзЗ ржЕрж░рзНржбрж╛рж░ ржжрж┐рзЯрзЗржЫрж┐рж▓рж╛ржо. ржмрж╛ржХрж┐ржЯрж╛ ржЗрждрж┐рж╣рж╛рж╕.,2,2,3,2,2
ржнрж╛рж▓рзЛржЗ рж▓рж╛ржЧрж▓рзЛред,1,1,2,2,2
ржжрж╛ржо ржЕржирзБржпрж╛ржпрж╝рзА ржЕржирзЗржХ ржнрж╛рж▓рзЛ,2,2,2,1,2
"ржжрж╛ржо ржХржо, рж╕рзЗ рж╣рж┐рж╕рж╛ржмрзЗ ржкржгрзНржпрзЗрж░ ржорж╛ржи ржЦрж╛рж░рж╛ржк ржирзЯ, ржнрж╛рж▓ред",2,2,2,1,2
ржХржо ржжрж╛ржорзЗ ржнрж╛рж▓рзЛ ржорж╛ржЙрж╕ ред,2,2,2,1,2
ржЕрждрзНржпржирзНржд ржЖржХрж░рзНрж╖ржгрзАрзЯ ржПржЯрж┐ред,1,2,2,2,2
ржПржЗ ржжрж╛ржорзЗрж░ ржоржзрзНржпрзЗ ржмрзЗрж╕рзНржЯ ржЧрзЗржорж┐ржВ ржорж╛ржЙрж╕,2,1,2,1,2
ржПржЗ ржжрж╛ржо ржП ржнрж╛рж▓ржЗ,2,2,2,1,2
ржЕрж▓рзНржк ржмрж╛ржЬрзЗржЯрзЗ ржпрж╛рж░рж╛ ржХрж┐ржмрзЛрж░рзНржб ржХрж┐ржирждрзЗ ржЪрж╛ржЪрзНржЫрзЗржи рждрж╛рж░рж╛ ржПржЗ ржХрзАржмрзЛрж░рзНржбржЯрж┐ ржирж┐рждрзЗ ржкрж╛рж░рзЗржиред,2,2,2,1,1
"ржХрзА- ржмрзЛрж░рзНржб ржЦрзБржм ржнрж╛рж▓рзЛ, рж╕рзНржЯрж╛ржЗрж▓рж┐рж╢ ред",1,1,2,2,2
ржХрж┐ ржмрзЛрж░рзНржбрзЗрж░ ржмрж┐рж▓рзНржб ржХрзЛрзЯрж╛рж▓рж┐ржЯрж┐ ржЦрзБржмржЗ ржирж┐ржорзНржиржорж╛ржирзЗрж░ ред,3,2,2,2,2
рж╕ржоржпрж╝ ржУ ржЯрж╛ржХрж╛ ржЕржкржЪржпрж╝ ред ЁЯШа,2,2,3,3,2
ржХрж┐ ржмрзЛрж░рзНржб ржжрзНржмрж┐рждрзАрзЯ ржжрж┐ржирзЗржЗ ржирж╖рзНржЯ рж╣рзЯрзЗ ржЧрзЗржЫрзЗ ржЖрж░ ржорж╛ржЙрж╕ ржЧрзЗрж▓рзЛ рзл ржжрж┐ржиред,2,3,2,2,2
ржЕрж╕рж╛ржзрж╛рж░ржи рж╕рж╛рж░рзНржнрж┐рж╕ред,2,2,1,2,2
ржЦрзБржмржЗ ржнрж╛рж▓рзЛ ржХрж┐ржмрзЛрж░рзНржбред,2,1,2,2,2
рждрзЗржоржи ржнрж╛рж▓ржирж╛,3,3,2,2,2
ржХрзЛрзЯрж╛рж▓рж┐ржЯрж┐ ржПржХржЯрзБ ржирж░ржорж╛рж▓ ржмрж╛ржЯ ржнрж╛рж▓рзЛржЗ..!,1,2,2,2,2
ржЕржирзЗржХ ржХрзБрж▓,1,2,2,2,2
ржкрж╛рж░рзНржлржорзЗржирзНрж╕ ржорзЛржЯрж╛ржорзБржЯрж┐ ржнрж╛рж▓.,2,1,2,2,2
ржжрж┐ржУ ржбрж┐ржЬрж╛ржЗржирзЗ рждрзЗржоржи ржПржХржЯрж╛ рждржлрж╛рзО ржирж╛рзЯ..,2,2,2,2,2
ржнрж╛рж▓рзЛред ржЖрж▓рзЛржЯрж╛ ржЕржирзЗржХ рж╕рж╛ржжрж╛ ржПржмржВ ржкрж░рж┐рж╖рзНржХрж╛рж░ред,1,2,2,2,2
"ржлржЯрзЛ ржкрзНрж░рж┐ржирзНржЯ ржУ ржнрж╛рж▓,",1,1,2,2,2
ржнрж╛рж▓рзЛржЗ рждржмрзЗ ржЖрж▓рзЛржЯрж╛ ржорзЛржмрж╛ржЗрж▓рзЗрж░ ржлрзНрж▓рзНржпрж╛рж╢ рж▓рж╛ржЗржЯрзЗрж░ ржЪрзЗрзЯрзЗржУ ржХржоред,2,3,2,2,2
Price ржЕржирзБржпрж╛рзЯрж┐ ржЦрж╛рж░рж╛ржк ржирж╛ рждржмрзЗ ржЖрж▓рзЛ ржПржХржЯрзБ ржХржоред,2,3,2,1,2
ржХржерж╛ ржПржмржВ ржХрж╛ржЬрзЗрж░ рж╕рж╛ржерзЗ ржорж┐рж▓ ржкрж╛ржУрзЯрж╛ ржпрж╛рзЯржирж┐ред,2,2,3,2,2
ржжрж╛ржо ржЕржирзБржпрж╛рзЯрзА ржЕржирзЗржХ ржнрж╛рж▓рзЛ ред,2,2,2,1,2
ржжрж╛ржо ржЕржирзБржпрж╛рзЯрзА ржнрж╛рж▓ ржкрзЗрзЯрзЗржЫрж┐ред,2,2,2,1,2
рж▓рж╛ржЗржЯ ржирж╕рзНржЯ ржЫрж┐рж▓ред,3,2,2,2,2
ржЦрзБржмржЗ ржнрж╛рж▓ ржорж╛ржирзЗрж░ ржкржирзНржп,1,2,2,2,2
ржЖрж╕рж▓ ржкржгрзНржп ржкрзЯрзЗржЫрж┐ред,1,2,2,2,2
ржЦрзБржм рж╕рж▓рзНржк ржжрж╛ржорзЗ ржкрзНрж░рж┐ржирзНржЯрж╛рж░ ржЯрж┐ ржкрзЗрж▓рж╛ржоред,2,2,2,1,2
"ржкрзНрж░рж┐ржирзНржЯрж┐ржВ рж╕рзНржкрж┐ржб ржнрж╛рж▓,",2,1,2,2,2
ржЖржорж╛рж░ ржХрж╛ржЫрзЗ ржПржЯрж╛ ржЕрж╕рж╛ржзрж╛рж░ржг ржоржирзЗ рж╣ржпрж╝рзЗржЫрзЗ,1,1,2,2,2
ржбрзЛрж░ ржЖржЯржХрж╛ржирзЛ ржпрж╛рзЯржирж╛ред,2,3,2,2,2
ржПржЦржи ржУ ржкрж░рзНржпржирзНржд ржнрж╛рж▓рзЛржЗ ржжрзЗржЦржЫрж┐ ржмрж╛ржХрж┐ржЯрзБржХрзБ ржЖрж▓рзНрж▓рж╛рж╣ ржорж╛рж▓рзБржоред,1,2,2,2,2
ржпрж╛ рж░рзАрждрж┐ржорждрзЛ ржмрж┐ржнрзНрж░рж╛ржирзНрждрж┐ржХрж░,2,2,3,2,2
ржПржд ржХржо ржжрж╛ржорзЗ ржПрждрзЛ ржнрж╛рж▓рзЛ ржЯрж┐ржнрж┐ ржнрж╛ржмрж╛ржЗ ржпрж╛рзЯ ржирж╛,2,2,2,1,2
ржЖржорж╛рж░ ржкрж░рж┐ржЪрж┐ржд ржпрж╛рж░рж╛ ржУржнрзЗржи ржХрж┐ржирзЗржЫрзЗ рждрж╛рж░рж╛ рж╕ржмрж╛ржЗ ржПржЗржЯрж╛ ржХрж┐ржирждрзЗ ржирж┐рж╖рзЗржз ржХрж░рзЗржЫрзЗред,2,2,2,2,3
ржжрзБржЗ ржирж╛ржорзНржмрж╛рж░рж┐ ржХрж░рж▓рзЗ ржнржмрж┐рж╖рзНржпрждрзЗ ржирж╛ ржЦрзЗрзЯрзЗ ржорж░рждрзЗ рж╣ржмрзЗред,2,2,3,2,2
ржПржЗ ржУржнрзЗржи ржЯрж╛ ржнрж╛рж▓рзЛ ржирж╛ред,3,2,2,2,2
"ржЖржкржирж╛ржжрзЗрж░ рж╕рж╛рж░рзНржнрж┐рж╕ ржЦрзБржмржЗ ржлрж╛рж▓рждрзБ,",2,2,3,2,2
ржнрж╛рж▓рзЛ ржорзЗрж╢рж┐ржи,1,1,2,2,2
ржЦрж╛рж░рж╛ржк ржирж╛,1,1,2,2,2
ржПржнрж╛ржмрзЗ offer ржПрж░ ржирж╛ржорзЗ ржорж╛ржирзБрж╖ ржаржХрж╛ржЪрзНржЫрзЗржи ржХрзЗржи?,2,2,3,2,2
ржжрж╛ржо ржЕржирзБрж╕рж╛рж░рзЗ ржарж┐ржХ ржЖржЫрзНрж░ред,2,2,2,1,2
ржкрзНржпрж╛ржХрзЗржЬрж┐ржВ ржЯрж╛ ржкржЫржирзНржж рж╣рзЯрзЗржЫрзЗред,2,2,1,2,2
ржЕржирзЗржХ ржнрж╛рж▓ ржШрзЬрж┐,1,1,2,2,2
ржЖржорж┐ рж╕рждрзНржпрж┐ржЗ ржмрж╛ржХрж░рзБржжрзНржз..!,2,2,2,2,2
ржмрж╛рж╣..! ржЕржирзЗржХ рж╕рзБржирзНржжрж░ ржШрзЬрж┐ ржкрж╛ржарж┐рзЯрзЗржЫрзЗржи..! ЁЯСП,1,2,1,2,2
ржЙрж▓рзНржЯрж╛ржкрж╛рж▓рзНржЯрж╛ рж╕рзЗржЯрж╛ржкрзЗ ржЪрж╛рзЯржирж╛ ржШрзЬрж┐ ржбрзЗрж▓рж┐ржмрж╛рж░рзА ржжрж┐рж╕рзЗржи,3,2,3,2,2
ржжрж╛рж░рзБржи ржПржХржЯрж╛ ржУрзЯрж╛ржЪред,1,1,2,2,2
"ржПржЗ ржирж┐ржи рзл star, ржХрж╛рж░ржи ржпрзЗржоржи ржжрзЗржЦрж┐рзЯрзЗржЫрзЗржи рждрзЗржоржи ржЬрж┐ржирж┐рж╕ ржЗ ржкрзЗрзЯрзЗржЫрж┐",2,2,1,2,2
рж╣рж╛рждрзЗ ржкрзЬрж▓рзЗ ржкрзНрж░рж┐ржорж┐рзЯрж╛ржо ржлрж┐рж▓ ржЖрж╕рзЗред,1,1,2,2,2
ржЖржкржирж╛ржжрзЗрж░ ржкрзНрж░рзЛржбрж╛ржХрзНржЯ ржкрзЗрзЯрзЗ ржЖржорж┐ ржЦрзБрж╢рж┐ред,2,2,1,2,2
ржЕржирзЗржХ ржнрж╛рж▓рзЛ ржорж╛ржирзЗрж░ ржШрзЬрж┐,1,2,2,2,2
ржШрзЬрж┐ржЯрж╛ ржнрж╛рж▓редржЖрж░ ржЫрж╛ржБрзЬрзЗ ржкрж╛ржЗржЫрж┐ред,1,2,2,2,2
ржХржо ржжрж╛ржорзЗ ржнрж╛рж▓ ржПржХржЯрж╛ ржШрзЬрж┐ред,2,2,2,1,2
"ржЕржирзЗржХ ржнрж╛рж▓ ржорж╛ржирзЗрж░ ржПржХржЯрж┐ ржШрзЬрж┐,",1,2,2,2,2
